Workbook

Sheet Dashboard Tổng Quan
A1: DỰ ÁN CATTLE HEALTH - BÁO CÁO THỐNG KÊ HIỆU QUẢ ỨNG DỤNG
A2: Khảo sát đánh giá các chỉ số sức khỏe và sinh hoạt (Trước và Sau khi dùng App)
B3: "Tổng số người tham gia:" | D3: Mức tăng thời gian ngủ TB | F3: Mức tăng hoàn thành KPI
B4: =COUNTA('Dữ Liệu Người Dùng'!A4:A13) -> 10 | D4: =AVERAGE('Dữ Liệu Người Dùng'!G4:G13) -> 1.38 | F4: =AVERAGE('Dữ Liệu Người Dùng'!S4:S13) -> 0.258
A5: BẢNG TỔNG HỢP CHỈ SỐ TRUNG BÌNH TOÀN MẪU KHẢO SÁT
A6: Mã Chỉ Số | B6: Tên Chỉ Số Sức Khỏe / Sinh Hoạt | C6: Đơn Vị | D6: Trước App (TB) | E6: Sau App (TB) | F6: Đánh Giá Tiến Bộ
A7: CS01 | B7: Thời gian ngủ trung bình | C7: Giờ/ngày | D7: =AVERAGE('Dữ Liệu Người Dùng'!E4:E13) -> 5.87 | E7: =AVERAGE('Dữ Liệu Người Dùng'!F4:F13) -> 7.25 | F7: =IF(E7>0,"Cải thiện rõ rệt","Tốt") -> Cải thiện rõ rệt
A8: CS02 | B8: Lượng nước uống hằng ngày | C8: Lít/ngày | D8: =AVERAGE('Dữ Liệu Người Dùng'!H4:H13) -> 1.14 | E8: =AVERAGE('Dữ Liệu Người Dùng'!I4:I13) -> 1.94 | F8: =IF(E8>0,"Đạt mục tiêu","Cần duy trì") -> Đạt mục tiêu
A9: CS03 | B9: Thời gian vận động thể chất | C9: Phút/ngày | D9: =AVERAGE('Dữ Liệu Người Dùng'!K4:K13) -> 16 | E9: =AVERAGE('Dữ Liệu Người Dùng'!L4:L13) -> 35.5 | F9: =IF(E9>0,"Cải thiện tốt","Bình thường") -> Cải thiện tốt
A10: CS04 | B10: Số ngày chi tiêu vượt ngân sách | C10: Ngày/tuần | D10: =AVERAGE('Dữ Liệu Người Dùng'!N4:N13) -> 4.5 | E10: =AVERAGE('Dữ Liệu Người Dùng'!O4:O13) -> 1.7 | F10: =IF(E10<0,"Giảm lãng phí","Cần tối ưu") -> Cần tối ưu
A11: CS05 | B11: Tỷ lệ hoàn thành thời khóa biểu | C11: % | D11: =AVERAGE('Dữ Liệu Người Dùng'!Q4:Q13) -> 0.571 | E11: =AVERAGE('Dữ Liệu Người Dùng'!R4:R13) -> 0.829 | F11: =IF(E11>0,"Kỷ luật cao","Tiến bộ") -> Kỷ luật cao

Sheet Dữ Liệu Người Dùng
A1: MÔ PHỎNG BẢNG DỮ LIỆU THẮNG KÊ CHI TIẾT THEO NGƯỜI DÙNG KHẢO SÁT (2-4 TUẦN)
A2: STT | B2: Mã User | C2: Họ và Tên | D2: Nhóm Tuổi | E2: Giấc Ngủ (Giờ/Ngày) | H2: Uống Nước (Lít/Ngày) | K2: Vận Động (Phút/Ngày) | N2: Chi Vượt Ngân Sách (Ngày/Tuần) | Q2: Hoàn Thành Lịch (%)
E3: Trước | F3: Sau | G3: Thay Đổi | H3: Trước | I3: Sau | J3: % Thay Đổi | K3: Trước | L3: Sau | M3: Thay Đổi | N3: Trước | O3: Sau | P3: Thay Đổi | Q3: Trước | R3: Sau | S3: % Cải Thiện
A4: 1 | B4: CH-101 | C4: Người dùng 1 | D4: 18-22 | E4: 6 | F4: 7.5 | G4: =F4-E4 -> 1.5 | H4: 1 | I4: 1.8 | J4: =(I4-H4)/H4 -> 0.8 | K4: 15 | L4: 35 | M4: =L4-K4 -> 20 | N4: 5 | O4: 2 | P4: =O4-N4 -> -3 | Q4: 0.6 | R4: 0.85 | S4: =R4-Q4 -> 0.25
A5: 2 | B5: CH-102 | C5: Người dùng 2 | D5: 18-22 | E5: 5.5 | F5: 7 | G5: =F5-E5 -> 1.5 | H5: 1.2 | I5: 2 | J5: =(I5-H5)/H5 -> 0.66666667 | K5: 10 | L5: 40 | M5: =L5-K5 -> 30 | N5: 6 | O5: 1 | P5: =O5-N5 -> -5 | Q5: 0.5 | R5: 0.8 | S5: =R5-Q5 -> 0.3
A6: 3 | B6: CH-103 | C6: Người dùng 3 | D6: 23-25 | E6: 6.5 | F6: 7.5 | G6: =F6-E6 -> 1 | H6: 1.5 | I6: 2.2 | J6: =(I6-H6)/H6 -> 0.46666667 | K6: 20 | L6: 30 | M6: =L6-K6 -> 10 | N6: 4 | O6: 2 | P6: =O6-N6 -> -2 | Q6: 0.65 | R6: 0.9 | S6: =R6-Q6 -> 0.25
A7: 4 | B7: CH-104 | C7: Người dùng 4 | D7: 18-22 | E7: 5 | F7: 6.8 | G7: =F7-E7 -> 1.8 | H7: 0.8 | I7: 1.5 | J7: =(I7-H7)/H7 -> 0.875 | K7: 0 | L7: 25 | M7: =L7-K7 -> 25 | N7: 5 | O7: 3 | P7: =O7-N7 -> -2 | Q7: 0.45 | R7: 0.75 | S7: =R7-Q7 -> 0.3
A8: 5 | B8: CH-105 | C8: Người dùng 5 | D8: 18-22 | E8: 6.2 | F8: 7.2 | G8: =F8-E8 -> 1 | H8: 1.1 | I8: 1.9 | J8: =(I8-H8)/H8 -> 0.72727273 | K8: 30 | L8: 45 | M8: =L8-K8 -> 15 | N8: 3 | O8: 1 | P8: =O8-N8 -> -2 | Q8: 0.7 | R8: 0.88 | S8: =R8-Q8 -> 0.18
A9: 6 | B9: CH-106 | C9: Người dùng 6 | D9: 23-25 | E9: 5.8 | F9: 7.5 | G9: =F9-E9 -> 1.7 | H9: 1 | I9: 2.1 | J9: =(I9-H9)/H9 -> 1.1 | K9: 15 | L9: 35 | M9: =L9-K9 -> 20 | N9: 4 | O9: 2 | P9: =O9-N9 -> -2 | Q9: 0.55 | R9: 0.82 | S9: =R9-Q9 -> 0.27
A10: 7 | B10: CH-107 | C10: Người dùng 7 | D10: 18-22 | E10: 6 | F10: 8 | G10: =F10-E10 -> 2 | H10: 1.4 | I10: 2.5 | J10: =(I10-H10)/H10 -> 0.78571429 | K10: 20 | L10: 50 | M10: =L10-K10 -> 30 | N10: 5 | O10: 1 | P10: =O10-N10 -> -4 | Q10: 0.6 | R10: 0.92 | S10: =R10-Q10 -> 0.32
A11: 8 | B11: CH-108 | C11: Người dùng 8 | D11: 18-22 | E11: 6.5 | F11: 7 | G11: =F11-E11 -> 0.5 | H11: 1.2 | I11: 1.8 | J11: =(I11-H11)/H11 -> 0.5 | K11: 10 | L11: 30 | M11: =L11-K11 -> 20 | N11: 4 | O11: 2 | P11: =O11-N11 -> -2 | Q11: 0.58 | R11: 0.78 | S11: =R11-Q11 -> 0.2
A12: 9 | B12: CH-109 | C12: Người dùng 9 | D12: 23-25 | E12: 5.2 | F12: 6.5 | G12: =F12-E12 -> 1.3 | H12: 0.9 | I12: 1.6 | J12: =(I12-H12)/H12 -> 0.77777778 | K12: 15 | L12: 25 | M12: =L12-K12 -> 10 | N12: 6 | O12: 3 | P12: =O12-N12 -> -3 | Q12: 0.4 | R12: 0.7 | S12: =R12-Q12 -> 0.3
A13: 10 | B13: CH-110 | C13: Người dùng 10 | D13: 18-22 | E13: 6 | F13: 7.5 | G13: =F13-E13 -> 1.5 | H13: 1.3 | I13: 2 | J13: =(I13-H13)/H13 -> 0.53846154 | K13: 25 | L13: 40 | M13: =L13-K13 -> 15 | N13: 3 | O13: 0 | P13: =O13-N13 -> -3 | Q13: 0.68 | R13: 0.89 | S13: =R13-Q13 -> 0.21
C14: TRUNG BÌNH CỘNG | E14: =AVERAGE(E4:E13) -> 5.87 | F14: =AVERAGE(F4:F13) -> 7.25 | G14: =AVERAGE(G4:G13) -> 1.38 | H14: =AVERAGE(H4:H13) -> 1.14 | I14: =AVERAGE(I4:I13) -> 1.94 | J14: =AVERAGE(J4:J13) -> 0.72375597 | K14: =AVERAGE(K4:K13) -> 16 | L14: =AVERAGE(L4:L13) -> 35.5 | ... S14: =AVERAGE(S4:S13) -> 0.258

Sheet Thực Đơn Cân Bằng Giá Rẻ
A1: Tính năng AI đề xuất thực đơn tiết kiệm ngân sách nhưng vẫn đảm bảo đủ dinh dưỡng
A2: STT | B2: Bữa Ăn | C2: Tên Món Ăn Gợi Ý | D2: Thành Phần / Nguyên Liệu Chính | E2: Kcal | F2: Chi Phí Ước Tính (VNĐ) | G2: Phù Hợp Ngân Sách
A3: 1 | B3: Sáng | C3: Cơm tấm trứng ốp la + Dưa leo | D3: Gạo tấm, 1 quả trứng, dưa leo, mỡ hành | E3: 450 | F3: 20000 | G3: =IF(F3<=20000, "Tiết Kiệm Cao", "Hợp Lý") -> Tiết Kiệm Cao
A4: 2 | B4: Sáng | C4: Bánh mì ốp la 2 trứng + Sữa đậu nành | D4: Bánh mì, 2 quả trứng, sữa đậu nành không đường | E4: 420 | F4: 18000 | G4: =IF(F4<=20000, "Tiết Kiệm Cao", "Hợp Lý") -> Tiết Kiệm Cao
A5: 3 | B5: Sáng | C5: Yến mạch pha sữa tươi & Chuối | D5: Yến mạch (50g), sữa tươi (200ml), 1 quả chuối | E5: 380 | F5: 15000 | G5: =IF(F5<=20000, "Tiết Kiệm Cao", "Hợp Lý") -> Tiết Kiệm Cao
A6: 4 | B6: Trưa | C6: Cơm gà kho sả ớt + Canh rau cải | D6: Gùi gà/ức gà (150g), cơm, rau cải xanh | E6: 600 | F6: 25000 | G6: =IF(F6<=20000, "Tiết Kiệm Cao", "Hợp Lý") -> Hợp Lý
A7: 5 | B7: Trưa | C7: Cơm thịt lợn luộc + Cà chua, dưa leo + Canh bí | D7: Thịt lợn nạc (120g), cơm, rau củ ăn kèm | E7: 550 | F7: 25000 | G7: =IF(F7<=20000, "Tiết Kiệm Cao", "Hợp Lý") -> Hợp Lý
A8: 6 | B8: Trưa | C8: Cơm cá nục kho đậu + Canh rau ngót | D8: Cá nục (150g), cơm, rau ngót | E8: 520 | F8: 22000 | G8: =IF(F8<=20000, "Tiết Kiệm Cao", "Hợp Lý") -> Hợp Lý
A9: 7 | B9: Tối | C9: Cơm đậu hũ dồn thịt sốt cà chua + Canh hẹ | D9: Đậu hũ (2 miếng), thịt băm (80g), cà chua | E9: 480 | F9: 20000 | G9: =IF(F9<=20000, "Tiết Kiệm Cao", "Hợp Lý") -> Tiết Kiệm Cao
A10: 8 | B10: Tối | C10: Cơm trứng chiên thịt băm + Rau luộc | D10: Trứng (1 quả), thịt băm (50g), rau cải luộc | E10: 450 | F10: 18000 | G10: =IF(F10<=20000, "Tiết Kiệm Cao", "Hợp Lý") -> Tiết Kiệm Cao
A11: 9 | B11: Tối | C11: Bún tươi trộn ức gà xé & Phụ gia rau sống | D11: Bún (150g), ức gà (120g), rau sống, nước mắm chua ngọt | E11: 430 | F11: 22000 | G11: =IF(F11<=20000, "Tiết Kiệm Cao", "Hợp Lý") -> Hợp Lý
A12: 10 | B12: Phụ | C12: Sữa chua không đường + Hạt lạc/đậu nành | D12: 1 hộp sữa chua, hạt đậu phụ | E12: 150 | F12: 8000 | G12: =IF(F12<=20000, "Tiết Kiệm Cao", "Hợp Lý") -> Tiết Kiệm Cao
D13: TỔNG CHI PHÍ THỰC ĐƠN 1 NGÀY CHUẨN (SÁNG + TRƯA + TỐI) | E13: =E3+E6+E9 -> 1530 | F13: =F3+F6+F9 -> 65000
